Fall find.,Nicholas Campbell,2022-08-31,Metadatos,Audio,situation; build; under,If authority successful manage. Soon other always second history unit last we.,Oromo,Todos los derechos reservados,159,PDF
Gun guess maintain.,David Reyes,2022-09-14,Gestión de datos,Video,develop; nature; individual,Learn fact his save. Offer kind camera late which.,Burmese,CC0,142,MP3
Nothing race here physical.,Andrew Bryant,2015-09-16,Gestión de datos,Imagen,course; need; third,Interest force Republican. Wife tell career check onto quality.,Gujarati,CC BY-SA,215,MP3
Central its every.,Sara Reed,2015-07-06,Metadatos,Texto,parent; certain; door,Medical reach dark how bit. Marriage world sport rate some look let.,Latvian,CC BY-NC,68,PDF
Success thousand it.,Jon Compton,2013-10-01,Gestión de datos,Imagen,allow; clearly; boy,Suffer none want adult exactly. Soon throughout south very none.,Gujarati,Todos los derechos reservados,148,MP3
Speak section whole.,Bianca Jensen,2020-01-13,Datos Maestros,Audio,more; respond; simply,Realize ball type Congress set surface.,Samoan,CC BY,271,MP4
Stage off order few.,Michael Garcia,2018-11-21,Metadatos,Imagen,medical; see; every,Prevent support future week happy wrong draw call.,South Ndebele,CC BY-NC,175,MP4
Final.,Anthony White,2021-10-23,Programacion,Imagen,political; body; hear,Religious worker which.,Chuvash,CC BY,243,PDF
Second coach.,Katrina Poole,2017-05-30,Metadatos,Imagen,kitchen; beyond; field,Employee remember such also doctor even among.,Wolof,CC BY-SA,3,MP4
Speak.,Jennifer Alvarez,2021-01-17,Metadatos,Audio,land; child; glass,Question at strategy sound cost increase.,Welsh,CC BY-SA,158,MP4
While most rest.,Timothy Ware,2016-01-30,Gestión de datos,Video,whatever; practice; better,Mention performance fund push.,Yoruba,CC BY-SA,301,MP4
Beyond represent.,Derek Wiley,2014-07-29,Programacion,Video,something; both; never,Fund lose sing.,Urdu,CC BY-NC,208,MP4
Minute of no.,Melinda Wilson,2018-09-20,Datos Maestros,Texto,never; policy; inside,Capital full source animal hold take. Moment father us month mean none hot.,Kashmiri,CC BY,221,PDF
Safe.,Amber Allen,2021-09-12,Metadatos,Texto,enter; forward; provide,Traditional off number.,Lingala,CC BY,220,PDF
Draw stand sometimes.,Mary Campbell,2014-03-15,Metadatos,Video,do; very; car,Machine guy purpose room analysis half stuff. Better crime lead dog.,Persian,Todos los derechos reservados,210,PDF
Before senior section.,Mitchell Watson,2020-11-05,Programacion,Imagen,important; window; buy,Heavy national staff still.,Sanskrit,CC BY,65,MP4
Term.,Shannon Wilson,2014-02-17,Datos Maestros,Audio,if; policy; build,That push around their certain despite would.,Corsican,CC BY-NC,124,MP4
Majority attention wind.,Kevin Gonzalez,2020-04-30,Datos Maestros,Video,great; crime; feeling,Instead sure perform for major hotel.,Interlingua,CC0,47,PDF
South.,Kelly Burgess,2014-07-06,Datos Maestros,Texto,never; woman; scientist,Test about onto describe yet.,Portuguese,CC BY-SA,271,MP3
Nor.,Jeffery Murphy,2023-05-17,Datos Maestros,Video,wrong; eye; century,Over suffer create can site decision focus. Once spend consumer culture.,Nepali,CC BY,55,PDF
Happen over job.,Shawn Anthony DDS,2013-11-09,Programacion,Texto,look; during; support,Himself PM girl yourself star meeting often. Series front professional big fact red people.,Maori,CC0,252,MP4
Power.,Melissa Potts,2013-06-09,Datos Maestros,Imagen,method; according; agency,Than collection many language face cup.,Bislama,CC BY-NC,487,PDF
Range young.,Dawn Gentry,2021-03-30,Gestión de datos,Texto,ahead; head; world,Message fine force down deep.,Komi,CC BY,448,MP4
Quite.,Amanda Andrade,2020-10-13,Programacion,Video,experience; certainly; under,Edge nearly he me join action.,Icelandic,CC BY,222,PDF
Person my oil.,Brenda Perry,2016-08-04,Datos Maestros,Imagen,the; doctor; letter,Enjoy either region might white whether nice.,Panjabi,Todos los derechos reservados,273,MP4
There travel.,Dana Johnson,2021-04-10,Gestión de datos,Audio,prevent; decide; certain,Feel quite ok make attention argue.,Slovenian,CC BY-SA,465,MP3
Trouble lawyer follow.,Sharon Bell,2019-07-01,Datos Maestros,Audio,financial; mission; them,With itself senior reach. Continue available clearly discussion call.,Afar,CC BY,240,MP3
Yard spring rise.,Dennis Fox,2021-11-18,Gestión de datos,Audio,unit; agree; exist,Compare return image way head property. Guy everyone since from.,Urdu,CC0,341,MP3
Control always either.,Grant Fernandez,2017-06-08,Gestión de datos,Audio,blue; success; least,Data model rise own because month poor.,Gujarati,CC BY,43,MP4
Read of.,Catherine Johnson,2023-01-27,Gestión de datos,Imagen,area; learn; long,Brother expert minute individual. Miss head do about cup child ten environment.,Tibetan,CC BY,377,PDF
However blue team.,Albert Roberts,2017-01-12,Metadatos,Audio,individual; close; happy,Building coach perform prevent.,Kurdish,CC BY,385,PDF
Manager.,Teresa Hurst,2013-07-09,Metadatos,Video,market; change; could,Than nearly left order. Continue face before though few.,Faroese,CC BY-NC,495,MP3
Wall.,Ashley Smith,2019-10-26,Datos Maestros,Video,true; nation; pick,Performance foreign positive level would.,Hindi,CC BY-SA,334,MP3
Enjoy happen.,Scott Schaefer,2013-10-25,Gestión de datos,Imagen,lawyer; lose; lay,Doctor sing leave.,Wolof,CC BY-SA,276,MP4
Camera morning hope writer.,Erin Blevins,2021-07-27,Programacion,Imagen,including; class; ball,Anything purpose pretty trial audience. Officer week like hold remember individual door.,Greek,CC BY-NC,439,MP4
Allow fall.,Jennifer Shannon,2015-06-29,Datos Maestros,Texto,would; across; evening,Ok also maintain. Manage camera then return character data.,Ossetian,Todos los derechos reservados,405,MP4
Outside above.,Andrew Lynch,2019-01-27,Datos Maestros,Imagen,eight; officer; race,Maybe camera interest know add or positive ok. Their room end give.,Limburgan,CC BY-NC,272,PDF
Debate easy.,Maria Porter,2014-03-16,Programacion,Audio,finally; foreign; company,Nice report over anyone nothing stay when.,Hausa,CC BY-NC,320,PDF
Son if continue.,Jeffrey Dunlap,2022-05-11,Metadatos,Audio,throughout; realize; take,Manager safe rather claim condition.,Ganda,CC BY-NC,231,MP4
East involve.,Jessica Curry,2019-05-07,Datos Maestros,Audio,son; challenge; it,Discover successful beat doctor.,Afar,CC0,315,MP4
Red history total.,Christian May,2020-11-02,Datos Maestros,Texto,indicate; choose; involve,Common move I as all after time.,Divehi,CC BY-SA,345,PDF
World win east.,Kristin Williams,2020-03-13,Datos Maestros,Texto,stay; same; type,Popular reality box debate like. Letter thank have likely.,Swati,CC0,170,MP4
Author tax movement.,Tiffany Hopkins,2016-06-03,Metadatos,Audio,yourself; heart; policy,Purpose room face remain job arm.,Herero,CC0,106,PDF
Situation hour seek sound.,Richard Davis,2014-09-14,Gestión de datos,Video,poor; administration; ago,Ever edge president positive investment. Relationship newspaper growth dog task ball.,Samoan,CC BY-NC,95,MP4
Resource way building.,Stephanie Fitzgerald,2020-02-19,Programacion,Audio,form; describe; dream,Offer where set world opportunity onto role. Property politics style thought newspaper reach.,Danish,CC BY-NC,85,MP3
Reason military serve.,Rachel Barker,2021-05-13,Programacion,Audio,miss; effort; sport,Just dog why tonight. Identify woman table.,Xhosa,CC BY-SA,57,PDF
Police difficult.,Mrs. Jasmine Rose,2020-08-29,Programacion,Imagen,blue; cut; guy,Me large scientist.,Fulah,CC BY-SA,347,MP3
Soldier position administration.,Andrea Reynolds,2017-12-30,Metadatos,Video,would; agreement; study,Raise we spend senior deep.,Hebrew,CC BY-SA,114,PDF
Develop writer.,Travis Liu,2017-05-13,Metadatos,Video,visit; pull; along,Strong food kitchen their. Usually where interest nature machine about.,Croatian,CC BY-NC,23,MP4
Stuff long.,Sean Scott,2022-11-14,Gestión de datos,Texto,fine; military; sea,Question see environment. Both short smile me person enough.,Tatar,CC BY,130,MP3
Marriage old accept.,David Peterson,2016-07-27,Metadatos,Texto,summer; set; wind,Go now public major strong cause than data.,Northern Sami,CC BY-NC,405,PDF
Thousand method.,Madison Hernandez,2023-03-26,Datos Maestros,Imagen,system; accept; safe,Various ability appear technology experience.,Latvian,CC0,295,MP4
Pressure decision.,Elizabeth Scott,2014-01-24,Gestión de datos,Audio,room; fine; to,Coach society population film good make author when.,Polish,CC BY-SA,275,MP3
Hear what executive.,Carlos Gordon,2018-08-03,Programacion,Video,population; PM; surface,Tonight yes small such interest early agree. Case impact than.,Tajik,CC BY-SA,192,MP3
Nature throw.,Jason Sexton,2015-01-20,Gestión de datos,Audio,strategy; rest; surface,Interesting yeah as attention candidate offer white. Say serious certain real decade.,Limburgan,CC BY-SA,180,MP3
Phone send interesting.,Carrie Freeman,2021-03-24,Datos Maestros,Audio,keep; prevent; around,Cost reality capital threat keep case short class.,Urdu,CC BY,243,MP3
Player fish much financial.,Jennifer Johnson,2016-11-14,Programacion,Imagen,land; health; key,Call threat pretty step account. Such morning worry our.,Vietnamese,CC0,83,PDF
Whom young rich.,Patrick Dixon,2013-10-29,Metadatos,Video,prevent; service; government,Add yourself meet.,Ewe,CC BY-NC,202,PDF
Anything process.,Todd Henson,2017-09-26,Metadatos,Audio,everybody; who; simple,Avoid claim oil you meet. Boy unit night authority eye energy.,Sundanese,Todos los derechos reservados,420,PDF
Writer.,Kari Christensen,2019-05-02,Metadatos,Imagen,situation; speech; half,Quite environmental person country job feel write.,Hausa,CC BY,367,PDF
Simply general.,Daniel Price,2020-08-15,Datos Maestros,Video,law; tough; high,Style experience side defense entire.,Tibetan,CC BY-SA,337,MP4
Somebody attention.,Michael Wade,2014-12-27,Datos Maestros,Audio,former; billion; land,Site morning indeed group. Notice information me home myself worry reach.,Quechua,CC BY,212,MP3
What forward.,Mario Rogers,2021-05-17,Datos Maestros,Video,car; board; decision,Meet might leader some talk suffer part. Environmental find goal effort all front west.,Russian,CC BY-NC,127,PDF
Them music training.,Rhonda Roman,2015-07-12,Programacion,Audio,boy; who; reflect,Structure enough machine. Medical truth contain law new seat.,Hindi,Todos los derechos reservados,135,PDF
Today nature list.,James Schultz,2015-10-05,Gestión de datos,Imagen,visit; alone; between,Which kind approach.,Slovenian,CC BY-NC,383,PDF
Fight man.,John Brown,2021-07-24,Metadatos,Audio,at; strategy; career,Improve many determine above tax.,Swahili,CC BY-NC,353,MP3
Very agree.,Alicia Hunt,2013-08-20,Datos Maestros,Imagen,prevent; must; without,Class news mother instead smile well. Focus ago white subject buy.,Zhuang,CC BY-NC,377,MP3
Make memory.,John Lopez,2013-08-02,Gestión de datos,Audio,little; they; soldier,Would television attack open go as. Exist medical deal mind and long once.,Abkhazian,CC0,385,MP4
Trial base.,Seth Baxter,2018-01-29,Gestión de datos,Texto,bar; shake; hair,Best save reason several democratic operation cover. She why American east.,Portuguese,CC BY-SA,391,PDF
Religious practice.,David Hall,2015-12-02,Datos Maestros,Imagen,thought; her; truth,Fast at interview daughter continue social. Station some matter real sell leg quickly.,Interlingua,CC BY-SA,281,MP4
End food trip.,Jordan Jones,2017-07-31,Datos Maestros,Audio,will; simple; marriage,Majority tough politics all.,Malay,Todos los derechos reservados,441,PDF
Who.,Marcus Fisher,2020-07-15,Gestión de datos,Imagen,ability; according; style,Measure imagine magazine turn certain environmental weight. Product you new ability middle moment.,Irish,CC BY,427,PDF
Woman leave a.,Thomas Wood,2017-04-06,Datos Maestros,Audio,can; determine; accept,Instead address tell product require fire leg.,Ewe,Todos los derechos reservados,352,MP3
Candidate sort.,James Medina,2015-02-03,Datos Maestros,Audio,commercial; guess; in,Color stop wife born contain. Piece task tend lay a national.,Tigrinya,Todos los derechos reservados,60,MP3
Wall enjoy person call.,Sherry Lee,2019-11-11,Metadatos,Video,body; several; project,Leader significant human plan think. Mean it person yeah author land college plant.,Galician,CC BY-SA,342,MP4
Let blood.,Kristen Murray,2015-09-20,Datos Maestros,Audio,product; small; position,Important eat indicate magazine front.,Aymara,CC BY-SA,8,MP4
Movie than.,Jason Johnson,2017-12-30,Gestión de datos,Audio,away; sell; change,Natural exactly knowledge thing.,"Sotho, Southern",CC BY-NC,92,PDF
Chair majority.,Andrew Jones,2017-03-02,Datos Maestros,Texto,book; western; couple,Option hit argue specific.,Aragonese,Todos los derechos reservados,295,PDF
Must close resource.,Jason Wright,2017-07-12,Metadatos,Video,rise; foreign; picture,Space couple be choice. Tv general at design product huge enough investment.,Chichewa,CC BY-SA,156,MP4
Century sign station.,Brian Dunn,2020-07-03,Metadatos,Imagen,theory; like; court,Response under gas box. Shake either paper board day.,Fulah,CC BY-NC,295,PDF
Yeah agent century yes.,Holly Garcia,2022-09-20,Gestión de datos,Imagen,discover; not; account,Blood than majority here collection man middle behind.,Church Slavic,CC0,60,MP4
Single check generation trade.,Brian Friedman,2015-03-26,Datos Maestros,Video,expert; region; strategy,Choose record appear significant executive it modern.,Zhuang,CC BY-SA,159,PDF
Over another.,Tammy Hoffman,2019-01-20,Gestión de datos,Imagen,trip; picture; contain,Tree yet second. Heavy whom report local ground safe though situation.,Komi,CC BY-NC,403,PDF
Sure concern.,Cheryl Brown,2022-08-16,Datos Maestros,Texto,almost; involve; skill,Information prepare table make attack but economic. Modern test couple answer mind thought can.,Arabic,CC BY-NC,247,MP4
Whatever choice threat.,Kathleen Brown,2018-08-19,Metadatos,Audio,put; century; environment,Try yourself decision head collection.,Cree,CC BY-NC,97,MP4
Fire wish my.,Lori Mcdaniel,2020-05-23,Datos Maestros,Audio,parent; seek; relate,Company stand right industry. Item least low paper.,Irish,CC BY,465,MP3
Reveal sport effect.,Randall Stanley,2014-02-24,Programacion,Audio,apply; tend; grow,Director drug art body right. Wall sense air increase really real now drop.,Japanese,CC0,311,PDF
They want put.,Kevin Williams,2021-08-10,Programacion,Texto,then; institution; leg,Miss face western hundred. Within account then get stock.,Quechua,CC0,19,MP4
Send trouble four.,Edward Francis,2021-08-04,Metadatos,Texto,action; partner; outside,Test where wait material answer sea.,Tibetan,CC BY,247,MP4
Professor.,Laura Mitchell,2018-01-15,Gestión de datos,Audio,crime; product; Democrat,Nothing start wait some risk property seat. Improve radio goal rather.,Gaelic,CC BY,88,MP4
Future first.,Briana Henderson,2013-09-14,Programacion,Audio,hour; team; involve,Reality I concern which.,English,Todos los derechos reservados,147,PDF
Share know nearly.,Glenn Macdonald,2018-10-19,Datos Maestros,Audio,bad; style; body,Point apply agree police successful.,Tsonga,Todos los derechos reservados,79,PDF
Significant money.,Jacob Kelly,2022-02-21,Metadatos,Texto,really; enter; worker,Analysis phone safe set appear station heart.,Central Khmer,CC BY-NC,448,PDF
Current view.,Francis Dalton,2017-10-13,Metadatos,Video,character; two; several,Such economy say third as. Another increase might quite shoulder.,Icelandic,CC0,194,PDF
Week quality dog.,Jessica Ray,2015-08-17,Metadatos,Video,before; page; purpose,Political set popular similar hope walk.,Yiddish,Todos los derechos reservados,57,MP4
Benefit point.,Michelle Hernandez,2013-06-20,Metadatos,Texto,pattern; age; candidate,Continue least least different wrong. Generation rate enter hear story.,Aymara,CC BY,25,MP3
Family behavior.,Paul Gordon,2018-02-08,Gestión de datos,Imagen,else; create; out,Southern including business behind last.,Inupiaq,Todos los derechos reservados,239,PDF
Spend far community.,James Kent,2017-03-16,Gestión de datos,Texto,sport; few; plant,Someone take study program forward enough.,Sundanese,CC BY,132,MP4
T,T,2012-12-12,T,T,T,T,T,T,312,T
T,T,2012-12-12,T,T,T,T,T,T,123,T
